residents,bed,bath,x,y
3,4,3,7201.6,6752.56
2,2,1,7079.68,6622.32
4,2,1,7154.4,6683.28
2,1,2,7093.44,6680.56
1,2,2,7198.72,6674.96
0,2,1,7101.76,6655.6
3,2,1,7157.28,6652.72
,3,5,7088,6749.84
3,2,1,7160,6525.36
1,1,1,7201.6,6627.76
1,1,1,7035.36,6638.96
1,1,1,7162.72,6724.88
2,1,1,7129.44,6625.04
3,2,1,7259.84,6633.36
2,1,1,7193.28,6572.4
1,3,1,7279.2,6683.28
1,1,1,7196,6705.36
2,1,1,7063.04,6708.24
0,2,1,7148.96,6669.36
2,2,2,7110.08,6641.68
2,1,1,7165.6,6572.4
2,3,6,7268,6578
0,1,1,7218.24,6741.52
,3,1,7168.32,6650
3,2,5,7046.4,6608.4
1,2,5,7085.12,6630.64
5,4,2,7110.08,6655.6
1,1,1,7129.44,6697.04
2,2,1,7182.24,6614
,3,1,7135.04,6705.36
,2,2,7281.92,6611.28
2,3,2,7162.72,6519.76
1,1,2,7173.92,6591.76
4,3,3,7135.04,6530.8
3,2,2,7251.52,6702.64
1,1,2,7104.64,6558.48
2,3,4,7259.84,6578
2,2,4,7268,6702.64
,5,4,7146.08,6763.6
3,2,1,7215.36,6708.24
1,1,1,7115.68,6683.28
1,1,1,7184.96,6716.56
2,2,2,7254.24,6575.12
,2,2,7140.64,6522.48
,3,2,7245.92,6561.36
1,1,1,7076.8,6652.72
,2,1,7256.96,6605.68
3,2,2,7096.32,6536.4
2,2,2,7112.96,6627.76
2,4,3,7251.52,6719.28
1,1,2,7265.28,6652.72
0,1,1,7240.32,6666.64
0,2,2,7215.36,6705.36
1,1,1,7232,6616.72
1,2,1,7038.08,6647.28
,1,2,7151.68,6774.64
2,2,1,7027.04,6652.72
1,1,1,7060.16,6630.64
,2,3,7254.24,6713.68
,2,1,7179.36,6533.68
1,2,2,7262.56,6580.72
2,1,2,7032.48,6619.44
,3,3,7265.28,6627.76
,4,5,7259.84,6566.8
4,3,2,7234.88,6677.68
6,5,4,7085.12,6586.32
4,3,2,7190.56,6583.44
0,1,2,7232,6708.24
1,2,1,7118.4,6677.68
1,1,2,7057.44,6710.96
1,2,1,7284.64,6641.68
1,1,1,7118.4,6575.12
,2,2,7173.92,6605.68
,1,3,7132.32,6547.44
,1,1,7107.36,6744.24
,4,3,7079.68,6713.68
3,3,2,7115.68,6536.4
3,3,2,7234.88,6735.92
1,1,1,7079.68,6589.04
1,1,1,7168.32,6561.36
,2,1,7168.32,6547.44
1,2,2,7215.36,6674.96
,2,3,7032.48,6647.28
3,2,2,7287.52,6683.28
4,3,2,7196,6597.36
4,2,2,7276.32,6694.32
3,2,1,7273.6,6633.36
,2,3,7276.32,6578
1,1,1,7237.6,6733.2
3,4,1,7112.96,6616.72
2,3,3,7284.64,6650
2,2,2,7110.08,6616.72
2,2,2,7137.76,6638.96
,1,1,7082.4,6674.96
,5,4,7063.04,6697.04
1,1,1,7074.08,6622.32
3,4,3,7140.64,6672.24
,2,2,7107.36,6733.2
2,3,2,7063.04,6691.6
,2,2,7251.52,6735.92
3,3,1,7090.72,6611.28
2,3,2,7201.6,6746.96
2,2,4,7085.12,6733.2
5,5,1,7029.76,6619.44
3,3,3,7090.72,6583.44
5,3,2,7248.64,6735.92
,1,1,7243.2,6702.64
2,3,2,7140.64,6663.92
,1,2,7126.72,6672.24
1,2,1,7162.72,6650
1,1,4,7085.12,6710.96
,1,1,7085.12,6683.28
2,2,3,7248.64,6699.92
,3,3,7259.84,6572.4
3,2,2,7135.04,6669.36
,3,1,7112.96,6550.16
1,2,2,7182.24,6627.76
,4,2,7126.72,6564.08
1,2,3,7290.24,6677.68
1,1,1,7171.04,6575.12
2,3,2,7046.4,6630.64
5,5,7,7082.4,6539.12
,4,5,7248.64,6553.04
,3,5,7154.4,6539.12
2,2,2,7173.92,6630.64
2,1,1,7093.44,6650
1,1,2,7093.44,6566.8
0,2,2,7187.68,6555.76
6,4,3,7107.36,6561.36
1,1,1,7193.28,6702.64
3,2,1,7281.92,6677.68
2,1,2,7101.76,6530.8
2,2,1,7085.12,6614
3,3,2,7135.04,6630.64
5,4,2,7209.92,6694.32
2,2,3,7129.44,6710.96
,2,2,7121.28,6710.96
2,2,2,7248.64,6663.92
3,4,1,7135.04,6636.08
,4,2,7132.32,6749.84
,2,1,7265.28,6625.04
4,4,3,7085.12,6558.48
1,1,2,7160,6608.4
,2,2,7207.04,6600.08
,4,2,7035.36,6680.56
4,5,6,7068.48,6564.08
,2,5,7237.6,6564.08
3,2,2,7265.28,6672.24
,5,6,7143.36,6553.04
,1,1,7165.6,6539.12
1,2,5,7193.28,6758
,5,3,7171.04,6536.4
,3,2,7223.68,6586.32
3,5,7,7074.08,6553.04
,1,1,7160,6755.28
3,5,2,7099.04,6611.28
2,2,2,7126.72,6746.96
,1,1,7079.68,6686
1,1,2,7126.72,6699.92
,2,5,7265.28,6578
,1,1,7063.04,6694.32
,3,1,7229.28,6586.32
1,1,1,7146.08,6688.72
1,4,2,7207.04,6677.68
3,3,2,7148.96,6777.52
,1,1,7124,6780.24
3,4,3,7151.68,6630.64
3,4,2,7121.28,6600.08
0,1,2,7165.6,6688.72
,3,2,7234.88,6580.72
2,1,2,7101.76,6694.32
,1,1,7121.28,6724.88
3,7,9,7071.36,6553.04
1,1,2,7226.56,6744.24
1,2,1,7126.72,6517.04
2,2,2,7124,6619.44
4,3,1,7121.28,6683.28
2,2,5,7090.72,6561.36
5,4,2,7049.12,6699.92
5,3,2,7165.6,6777.52
1,1,1,7157.28,6589.04
2,2,1,7179.36,6569.68
,3,1,7220.96,6558.48
,4,2,7118.4,6708.24
3,2,1,7143.36,6578
2,2,3,7146.08,6713.68
2,2,2,7218.24,6564.08
1,1,2,7124,6614
0,2,2,7198.72,6766.32
2,2,1,7187.68,6627.76
1,1,1,7046.4,6638.96
0,2,1,7204.32,6663.92
2,2,1,7292.96,6636.08
2,1,2,7082.4,6650
,2,2,7085.12,6758
,4,2,7135.04,6683.28
2,1,5,7096.32,6749.84
3,3,1,7140.64,6650
1,2,1,7079.68,6650
2,2,2,7256.96,6658.32
4,3,1,7107.36,6619.44
2,1,2,7184.96,6741.52
,1,2,7088,6741.52
2,3,4,7074.08,6744.24
2,4,2,7157.28,6677.68
,1,2,7162.72,6600.08
1,1,3,7107.36,6666.64
4,2,2,7090.72,6677.68
,1,1,7140.64,6758
1,1,2,7265.28,6569.68
1,1,2,7212.64,6708.24
4,5,3,7110.08,6614
2,3,2,7212.64,6744.24
1,2,4,7276.32,6619.44
4,4,1,7254.24,6561.36
1,1,2,7057.44,6608.4
2,1,1,7088,6539.12
,2,2,7104.64,6722
,2,1,7226.56,6755.28
,4,3,7060.16,6719.28
2,2,3,7118.4,6702.64
,1,1,7160,6716.56
,2,2,7162.72,6561.36
3,2,1,7284.64,6691.6
3,2,1,7140.64,6630.64
1,1,1,7110.08,6622.32
2,2,2,7165.6,6722
,1,1,7043.68,6688.72
2,2,1,7226.56,6636.08
2,2,2,7270.88,6666.64
7,6,5,7071.36,6572.4
,6,1,7198.72,6769.2
3,3,1,7076.8,6561.36
,3,3,7107.36,6724.88
1,1,1,7107.36,6614
3,4,2,7099.04,6730.32
,2,3,7226.56,6566.8
2,1,2,7126.72,6652.72
5,4,1,7184.96,6647.28
,2,2,7112.96,6769.2
5,4,4,7099.04,6708.24
3,2,1,7093.44,6710.96
3,2,1,7212.64,6636.08
,2,1,7201.6,6730.32
,2,3,7052,6625.04
1,1,1,7129.44,6597.36
3,2,2,7140.64,6669.36
2,2,1,7115.68,6594.64
2,2,1,7049.12,6688.72
2,3,3,7038.08,6650
,1,2,7243.2,6616.72
2,3,1,7201.6,6727.6
,4,1,7140.64,6738.64
4,3,4,7171.04,6641.68
1,1,1,7110.08,6608.4
4,3,1,7093.44,6697.04
,4,2,7201.6,6519.76
0,3,3,7076.8,6627.76
,2,1,7212.64,6663.92
,1,2,7032.48,6688.72
,4,2,7187.68,6774.64
4,2,2,7129.44,6561.36
2,1,2,7085.12,6578
,2,3,7052,6727.6
,4,3,7063.04,6746.96
,3,4,7121.28,6758
2,1,2,7132.32,6539.12
1,1,4,7088,6569.68
,2,1,7082.4,6630.64
2,2,2,7256.96,6733.2
1,1,1,7190.56,6652.72
3,3,1,7268,6658.32
,5,4,7049.12,6608.4
2,2,1,7168.32,6528.08
4,4,3,7040.8,6652.72
2,3,3,7256.96,6746.96
3,2,3,7223.68,6580.72
,1,1,7176.64,6744.24
,4,1,7151.68,6771.92
2,3,3,7096.32,6605.68
0,3,2,7218.24,6650
,1,1,7146.08,6555.76
,3,1,7154.4,6517.04
,3,3,7121.28,6561.36
3,2,2,7154.4,6605.68
2,3,3,7101.76,6602.96
1,1,1,7168.32,6553.04
,4,2,7135.04,6758
2,2,2,7129.44,6605.68
,2,2,7151.68,6738.64
2,2,1,7218.24,6636.08
1,1,1,7118.4,6530.8
2,1,2,7176.64,6677.68
,2,3,7057.44,6705.36
2,2,2,7248.64,6572.4
1,2,4,7071.36,6583.44
0,2,2,7245.92,6674.96
2,3,2,7046.4,6666.64
,3,3,7132.32,6619.44
,3,6,7268,6580.72
,2,3,7220.96,6591.76
2,2,2,7126.72,6769.2
,4,3,7273.6,6697.04
2,2,1,7107.36,6677.68
2,3,2,7146.08,6578
,2,1,7154.4,6680.56
3,2,2,7132.32,6669.36
4,4,1,7110.08,6686
1,1,1,7154.4,6666.64
0,4,2,7190.56,6744.24
1,1,2,7118.4,6600.08
3,2,2,7110.08,6672.24
3,4,3,7096.32,6752.56
2,2,2,7104.64,6763.6
,1,1,7035.36,6644.4
1,1,2,7140.64,6661.04
3,2,1,7121.28,6544.72
2,1,2,7223.68,6677.68
,3,2,7065.76,6658.32
1,1,1,7209.92,6683.28
2,3,3,7074.08,6655.6
1,1,1,7179.36,6702.64
1,1,2,7099.04,6597.36
3,2,3,7063.04,6738.64
1,1,1,7140.64,6763.6
2,2,4,7268,6661.04
2,1,1,7187.68,6575.12
,5,3,7251.52,6730.32
,3,2,7287.52,6633.36
,2,1,7198.72,6763.6
2,1,1,7146.08,6569.68
2,3,2,7270.88,6602.96
,3,1,7115.68,6738.64
2,2,2,7115.68,6766.32
,2,1,7179.36,6683.28
1,1,1,7132.32,6674.96
1,1,1,7057.44,6647.28
2,1,1,7146.08,6530.8
3,3,2,7151.68,6650
0,2,3,7196,6650
2,2,3,7104.64,6561.36
3,3,5,7063.04,6578
,2,2,7079.68,6558.48
1,1,1,7248.64,6702.64
1,1,1,7173.92,6752.56
,2,2,7101.76,6658.32
,2,2,7090.72,6694.32
3,3,4,7101.76,6638.96
,1,3,7090.72,6749.84
2,2,1,7226.56,6738.64
3,3,2,7118.4,6650
3,2,1,7212.64,6680.56
,1,1,7137.76,6741.52
5,4,4,7085.12,6669.36
3,3,2,7157.28,6558.48
3,4,2,7184.96,6586.32
2,2,1,7126.72,6636.08
,1,2,7232,6600.08
3,2,2,7096.32,6572.4
3,2,2,7121.28,6519.76
1,1,1,7196,6674.96
1,1,2,7201.6,6539.12
3,2,2,7057.44,6605.68
2,2,2,7118.4,6777.52
,1,6,7273.6,6611.28
2,3,1,7168.32,6641.68
,2,1,7179.36,6572.4
2,3,1,7110.08,6652.72
2,1,2,7226.56,6763.6
,5,1,7165.6,6735.92
,3,2,7043.68,6608.4
,4,1,7099.04,6738.64
,3,2,7245.92,6622.32
2,2,3,7168.32,6763.6
3,3,1,7173.92,6641.68
2,1,1,7232,6605.68
,4,2,7135.04,6771.92
,3,1,7126.72,6777.52
,2,2,7184.96,6514.16
1,2,6,7054.72,6594.64
,2,5,7085.12,6555.76
3,2,2,7029.76,6627.76
1,2,1,7207.04,6583.44
2,1,1,7148.96,6752.56
3,3,1,7165.6,6522.48
,2,2,7168.32,6536.4
,1,3,7190.56,6622.32
4,3,1,7168.32,6710.96
1,2,2,7256.96,6652.72
,3,1,7265.28,6619.44
3,3,1,7204.32,6741.52
,2,1,7209.92,6533.68
2,2,1,7049.12,6672.24
,1,1,7110.08,6760.88
,2,3,7220.96,6569.68
,2,2,7223.68,6589.04
,1,1,7173.92,6691.6
3,4,2,7079.68,6569.68
1,1,1,7118.4,6658.32
2,3,2,7201.6,6688.72
2,2,3,7168.32,6564.08
3,3,1,7157.28,6636.08
4,4,2,7265.28,6633.36
2,2,2,7215.36,6699.92
2,3,1,7118.4,6741.52
4,4,2,7281.92,6697.04
,3,2,7126.72,6694.32
3,3,2,7284.64,6708.24
2,2,2,7165.6,6608.4
2,2,1,7040.8,6705.36
1,1,1,7234.88,6658.32
0,2,2,7154.4,6713.68
2,2,3,7187.68,6619.44
,5,1,7162.72,6514.16
,1,1,7157.28,6746.96
4,3,3,7151.68,6608.4
,4,6,7082.4,6738.64
3,2,2,7107.36,6528.08
,2,2,7029.76,6652.72
1,1,1,7226.56,6769.2
2,4,3,7179.36,6589.04
2,3,1,7287.52,6699.92
1,1,1,7240.32,6641.68
3,3,1,7099.04,6636.08
0,2,2,7104.64,6686
,4,5,7184.96,6572.4
2,2,2,7090.72,6602.96
,2,1,7126.72,6760.88
,6,4,7256.96,6594.64
,3,2,7096.32,6638.96
1,1,1,7065.76,6611.28
4,3,4,7248.64,6605.68
,2,1,7193.28,6522.48
,2,2,7279.2,6622.32
2,1,1,7129.44,6611.28
2,2,1,7204.32,6638.96
,1,3,7032.48,6686
1,1,2,7154.4,6614
,3,2,7290.24,6614
,4,2,7176.64,6713.68
2,2,4,7226.56,6569.68
3,2,2,7107.36,6708.24
2,3,2,7173.92,6674.96
,1,1,7151.68,6780.24
2,2,3,7220.96,6666.64
1,1,2,7165.6,6614
2,1,1,7187.68,6597.36
,2,3,7240.32,6625.04
,1,1,7107.36,6730.32
4,3,2,7190.56,6542
,2,2,7101.76,6738.64
,5,3,7154.4,6782.96
5,4,1,7135.04,6702.64
3,2,2,7129.44,6555.76
,1,1,7248.64,6569.68
4,3,1,7096.32,6669.36
2,2,1,7226.56,6575.12
2,2,1,7179.36,6719.28
2,2,1,7270.88,6705.36
3,2,1,7096.32,6713.68
3,3,4,7057.44,6627.76
6,4,2,7179.36,6724.88
,3,1,7284.64,6630.64
2,3,1,7268,6719.28
3,2,4,7237.6,6572.4
1,1,2,7115.68,6630.64
3,3,3,7160,6633.36
3,4,2,7254.24,6600.08
3,3,5,7276.32,6719.28
,5,4,7088,6758
,1,3,7054.72,6699.92
,2,2,7160,6519.76
2,2,2,7110.08,6594.64
2,2,2,7196,6691.6
,3,4,7099.04,6669.36
2,2,1,7140.64,6544.72
4,4,7,7259.84,6738.64
,1,3,7093.44,6744.24
,2,1,7212.64,6650
5,5,3,7099.04,6528.08
1,1,1,7168.32,6544.72
3,2,2,7165.6,6633.36
3,2,1,7121.28,6630.64
2,2,2,7124,6605.68
2,2,3,7279.2,6608.4
1,1,2,7151.68,6566.8
1,2,1,7079.68,6710.96
3,2,2,7184.96,6674.96
1,1,1,7137.76,6705.36
2,2,1,7187.68,6583.44
1,1,1,7121.28,6611.28
4,4,3,7093.44,6619.44
2,2,1,7090.72,6661.04
,2,1,7137.76,6561.36
,5,2,7096.32,6528.08
,2,3,7107.36,6746.96
,3,1,7284.64,6663.92
4,4,3,7187.68,6517.04
3,2,2,7154.4,6769.2
,1,2,7176.64,6699.92
4,4,4,7248.64,6555.76
,1,1,7223.68,6608.4
4,3,1,7237.6,6650
2,2,2,7215.36,6746.96
4,4,1,7220.96,6638.96
1,1,2,7287.52,6680.56
1,2,2,7154.4,6525.36
,9,4,7262.56,6566.8
4,3,1,7071.36,6586.32
1,1,3,7068.48,6586.32
4,3,2,7151.68,6655.6
1,1,2,7110.08,6630.64
3,2,1,7148.96,6691.6
,3,2,7232,6575.12
2,1,1,7168.32,6583.44
,5,5,7279.2,6586.32
,4,5,7052,6697.04
2,2,3,7187.68,6528.08
,1,3,7074.08,6738.64
1,1,1,7124,6705.36
2,1,5,7254.24,6578
,2,2,7118.4,6661.04
1,1,2,7043.68,6644.4
1,2,5,7273.6,6719.28
2,1,2,7118.4,6746.96
,1,1,7063.04,6683.28
4,3,3,7248.64,6716.56
3,2,1,7218.24,6591.76
,3,3,7063.04,6619.44
,3,4,7265.28,6674.96
1,1,1,7065.76,6630.64
2,1,1,7143.36,6735.92
3,3,2,7243.2,6741.52
3,3,2,7182.24,6674.96
2,2,2,7179.36,6619.44
,1,1,7154.4,6522.48
3,2,2,7184.96,6519.76
2,3,3,7085.12,6622.32
2,1,1,7218.24,6710.96
2,3,2,7090.72,6633.36
0,2,2,7157.28,6566.8
,1,3,7190.56,6771.92
0,1,1,7218.24,6666.64
,1,3,7198.72,6536.4
5,3,1,7268,6680.56
1,1,3,7096.32,6630.64
1,2,1,7096.32,6655.6
4,4,3,7245.92,6683.28
3,2,1,7115.68,6597.36
2,1,3,7135.04,6741.52
3,2,1,7196,6638.96
,2,3,7121.28,6539.12
,3,3,7046.4,6602.96
2,2,2,7182.24,6735.92
,3,1,7273.6,6614
,2,1,7126.72,6727.6
6,5,4,7284.64,6644.4
,4,2,7112.96,6766.32
,1,2,7151.68,6760.88
2,2,2,7204.32,6572.4
0,4,3,7196,6710.96
1,1,4,7049.12,6619.44
,2,3,7268,6564.08
1,2,2,7243.2,6716.56
,2,1,7182.24,6766.32
1,1,1,7110.08,6658.32
3,2,2,7220.96,6619.44
2,3,2,7215.36,6719.28
2,2,1,7126.72,6674.96
0,1,2,7234.88,6713.68
0,1,1,7190.56,6688.72
3,3,4,7207.04,6589.04
,6,5,7240.32,6578
,2,2,7176.64,6519.76
,4,3,7234.88,6619.44
,1,2,7124,6558.48
,2,3,7088,6688.72
2,2,2,7234.88,6655.6
,3,3,7143.36,6522.48
,1,1,7193.28,6597.36
,3,2,7209.92,6769.2
,1,1,7160,6738.64
4,3,3,7112.96,6722
4,3,2,7076.8,6677.68
,3,1,7273.6,6638.96
,2,2,7215.36,6724.88
3,2,1,7096.32,6622.32
4,4,2,7212.64,6777.52
,3,2,7254.24,6555.76
0,3,2,7193.28,6614
2,1,1,7176.64,6669.36
2,1,1,7193.28,6749.84
1,1,1,7256.96,6666.64
2,4,4,7248.64,6708.24
3,3,1,7196,6741.52
2,1,2,7060.16,6680.56
,3,3,7110.08,6536.4
4,3,2,7143.36,6525.36
2,1,1,7074.08,6669.36
,1,2,7265.28,6644.4
1,1,1,7165.6,6669.36
2,3,4,7068.48,6575.12
2,2,1,7140.64,6636.08
3,2,3,7198.72,6627.76
3,2,2,7082.4,6589.04
3,3,2,7262.56,6594.64
1,2,1,7232,6688.72
,4,4,7115.68,6758
,2,2,7112.96,6652.72
1,1,1,7057.44,6611.28
1,1,2,7234.88,6644.4
,2,3,7093.44,6575.12
,2,2,7157.28,6519.76
,3,4,7193.28,6530.8
3,2,3,7146.08,6705.36
2,2,1,7168.32,6555.76
1,3,4,7226.56,6644.4
3,2,2,7165.6,6741.52
1,1,1,7176.64,6611.28
,2,3,7121.28,6752.56
3,4,7,7262.56,6677.68
4,3,1,7290.24,6669.36
1,2,1,7220.96,6550.16
,4,1,7251.52,6575.12
,2,2,7171.04,6611.28
2,2,2,7068.48,6619.44
,3,2,7035.36,6661.04
,5,5,7234.88,6547.44
,2,1,7162.72,6663.92
,2,1,7168.32,6661.04
1,2,4,7110.08,6777.52
,1,2,7124,6547.44
,2,1,7290.24,6638.96
2,1,2,7137.76,6760.88
3,3,2,7165.6,6727.6
,2,1,7110.08,6763.6
,1,3,7162.72,6553.04
1,1,2,7049.12,6636.08
4,4,2,7110.08,6597.36
0,3,3,7088,6633.36
,2,3,7090.72,6741.52
3,3,2,7173.92,6688.72
3,2,2,7104.64,6636.08
,2,2,7096.32,6600.08
1,1,1,7079.68,6688.72
,3,1,7140.64,6760.88
,3,5,7270.88,6586.32
2,3,1,7137.76,6699.92
,1,1,7193.28,6752.56
2,1,2,7157.28,6724.88
1,2,1,7049.12,6655.6
5,5,5,7168.32,6655.6
4,3,3,7281.92,6650
2,2,1,7256.96,6694.32
,1,1,7160,6705.36
2,2,2,7193.28,6638.96
2,1,1,7157.28,6625.04
1,1,1,7074.08,6602.96
,4,1,7071.36,6733.2
0,5,3,7063.04,6705.36
2,1,1,7043.68,6677.68
3,2,1,7254.24,6636.08
,1,3,7196,6528.08
2,2,1,7093.44,6755.28
3,3,3,7143.36,6583.44
4,3,3,7088,6652.72
,7,5,7251.52,6553.04
1,1,1,7143.36,6550.16
1,1,4,7110.08,6688.72
,3,3,7229.28,6536.4
3,4,2,7229.28,6730.32
3,2,1,7143.36,6733.2
,3,3,7076.8,6564.08
1,1,1,7115.68,6611.28
3,3,2,7207.04,6633.36
4,3,3,7179.36,6655.6
,4,3,7049.12,6702.64
3,3,6,7104.64,6528.08
3,3,1,7148.96,6697.04
3,2,1,7140.64,6705.36
2,2,2,7245.92,6666.64
,2,2,7065.76,6688.72
4,3,2,7171.04,6727.6
3,4,4,7281.92,6694.32
1,1,1,7168.32,6569.68
,3,2,7182.24,6777.52
,2,1,7209.92,6636.08
2,2,1,7232,6627.76
3,2,1,7190.56,6544.72
,1,2,7090.72,6733.2
,3,1,7124,6733.2
2,1,1,7281.92,6663.92
3,4,4,7273.6,6586.32
7,7,7,7027.04,6663.92
2,2,1,7024.16,6647.28
2,3,5,7054.72,6583.44
1,1,1,7079.68,6638.96
0,1,1,7196,6677.68
,6,4,7052,6735.92
2,4,1,7038.08,6616.72
0,3,2,7079.68,6702.64
6,6,3,7118.4,6744.24
,1,1,7112.96,6705.36
4,5,7,7049.12,6575.12
,4,5,7082.4,6752.56
,3,2,7126.72,6716.56
4,4,2,7218.24,6722
4,2,2,7046.4,6655.6
1,1,1,7220.96,6680.56
3,2,1,7079.68,6666.64
5,4,2,7079.68,6705.36
1,1,1,7121.28,6591.76
1,1,2,7074.08,6663.92
,3,2,7071.36,6680.56
1,1,1,7160,6683.28
2,2,2,7165.6,6517.04
2,1,2,7179.36,6555.76
1,1,2,7126.72,6561.36
,2,3,7179.36,6782.96
,2,2,7137.76,6733.2
,2,1,7096.32,6597.36
2,2,3,7220.96,6627.76
3,3,1,7182.24,6522.48
0,2,1,7074.08,6589.04
,3,2,7068.48,6688.72
3,2,1,7187.68,6638.96
5,5,5,7101.76,6555.76
,1,1,7226.56,6666.64
,1,1,7196,6517.04
4,4,4,7032.48,6602.96
1,1,1,7157.28,6705.36
4,3,1,7052,6630.64
2,1,1,7029.76,6655.6
3,2,1,7146.08,6752.56
,3,2,7110.08,6691.6
,4,2,7137.76,6655.6
,2,1,7129.44,6658.32
2,2,3,7060.16,6572.4
,1,3,7184.96,6702.64
3,2,1,7148.96,6733.2
3,3,2,7234.88,6710.96
,3,2,7146.08,6724.88
,2,2,7121.28,6569.68
2,1,1,7184.96,6705.36
2,1,1,7198.72,6730.32
2,2,1,7248.64,6597.36
3,2,2,7232,6741.52
,2,2,7218.24,6627.76
,2,3,7076.8,6683.28
2,4,2,7040.8,6605.68
,1,1,7065.76,6652.72
,2,2,7243.2,6730.32
2,2,3,7273.6,6699.92
2,1,2,7270.88,6608.4
1,1,1,7027.04,6666.64
3,3,2,7052,6644.4
,2,1,7074.08,6683.28
1,2,3,7201.6,6616.72
,2,1,7046.4,6697.04
4,6,3,7068.48,6589.04
2,1,2,7076.8,6619.44
3,2,2,7143.36,6600.08
3,3,3,7151.68,6658.32
,1,1,7226.56,6589.04
1,1,1,7204.32,6630.64
1,1,2,7284.64,6694.32
1,1,1,7151.68,6542
1,1,2,7146.08,6616.72
,4,2,7096.32,6760.88
2,4,4,7068.48,6722
1,1,2,7115.68,6650
1,2,4,7259.84,6605.68
,1,3,7234.88,6746.96
0,1,1,7226.56,6708.24
2,3,2,7184.96,6638.96
2,3,1,7168.32,6605.68
3,2,2,7187.68,6602.96
3,3,2,7110.08,6589.04
,2,2,7132.32,6561.36
1,1,2,7251.52,6697.04
2,3,3,7182.24,6686
,1,2,7049.12,6658.32
2,1,1,7137.76,6746.96
,2,2,7148.96,6708.24
1,1,1,7154.4,6542
,3,1,7160,6533.68
,3,3,7251.52,6550.16
2,1,2,7204.32,6699.92
2,2,2,7229.28,6769.2
4,3,1,7165.6,6744.24
,1,1,7262.56,6616.72
,2,2,7190.56,6655.6
1,1,3,7038.08,6589.04
,2,2,7173.92,6558.48
4,3,2,7295.84,6672.24
3,2,2,7259.84,6614
2,2,2,7071.36,6658.32
1,2,2,7198.72,6755.28
,3,2,7215.36,6716.56
,2,2,7132.32,6716.56
2,1,1,7151.68,6633.36
,1,2,7179.36,6680.56
3,3,1,7148.96,6547.44
,2,2,7107.36,6763.6
,4,2,7209.92,6558.48
,2,1,7126.72,6650
,2,2,7207.04,6547.44
0,1,1,7143.36,6710.96
,2,2,7268,6630.64
,3,2,7151.68,6769.2
3,3,4,7082.4,6578
3,2,2,7204.32,6705.36
3,3,1,7165.6,6594.64
,1,1,7135.04,6691.6
,1,1,7201.6,6536.4
2,2,3,7237.6,6752.56
0,3,2,7176.64,6622.32
1,1,1,7140.64,6677.68
2,4,7,7035.36,6591.76
,1,1,7154.4,6724.88
,3,5,7254.24,6605.68
3,4,3,7135.04,6680.56
4,4,2,7215.36,6608.4
3,2,1,7190.56,6741.52
3,3,4,7279.2,6691.6
2,1,1,7082.4,6666.64
1,1,1,7099.04,6589.04
,2,2,7157.28,6564.08
,3,4,7198.72,6774.64
,4,3,7245.92,6550.16
1,2,2,7262.56,6641.68
,3,2,7218.24,6569.68
4,5,1,7074.08,6547.44
2,1,2,7245.92,6669.36
3,3,1,7118.4,6752.56
0,3,1,7179.36,6661.04
3,2,3,7184.96,6614
4,3,2,7232,6674.96
3,2,2,7118.4,6627.76
1,1,1,7140.64,6749.84
,1,1,7143.36,6771.92
2,2,3,7093.44,6652.72
,6,4,7240.32,6547.44
2,1,1,7088,6641.68
4,4,3,7168.32,6622.32
1,1,1,7193.28,6769.2
1,1,2,7226.56,6578
1,3,3,7124,6716.56
2,1,1,7112.96,6594.64
2,1,2,7273.6,6686
2,2,2,7187.68,6738.64
1,1,1,7165.6,6566.8
0,3,2,7124,6600.08
,2,2,7187.68,6741.52
,5,3,7292.96,6658.32
3,4,1,7268,6575.12
1,1,1,7079.68,6672.24
1,1,2,7237.6,6633.36
,5,4,7234.88,6542
,1,1,7029.76,6669.36
1,1,1,7068.48,6644.4
,2,2,7223.68,6766.32
,3,2,7176.64,6553.04
4,4,1,7196,6614
2,3,3,7107.36,6641.68
,2,1,7237.6,6730.32
1,1,2,7281.92,6638.96
,2,2,7032.48,6633.36
2,2,1,7160,6719.28
1,1,1,7229.28,6530.8
0,2,3,7099.04,6586.32
2,1,1,7085.12,6602.96
3,3,1,7218.24,6600.08
1,1,1,7024.16,6638.96
2,2,2,7043.68,6674.96
3,2,3,7121.28,6666.64
1,1,1,7085.12,6699.92
,5,4,7129.44,6744.24
6,4,4,7085.12,6561.36
2,3,6,7237.6,6746.96
1,2,1,7160,6575.12
3,2,1,7071.36,6605.68
2,1,2,7121.28,6746.96
,2,2,7040.8,6716.56
2,2,2,7281.92,6636.08
,1,2,7215.36,6611.28
7,9,5,7063.04,6558.48
,2,5,7093.44,6763.6
,3,1,7112.96,6697.04
,3,5,7099.04,6536.4
,1,1,7243.2,6752.56
4,4,4,7115.68,6561.36
1,1,2,7101.76,6724.88
4,4,4,7057.44,6622.32
2,2,2,7132.32,6686
,4,4,7240.32,6633.36
,2,1,7035.36,6627.76
2,3,3,7096.32,6705.36
3,2,3,7220.96,6614
4,3,2,7248.64,6644.4
2,1,2,7029.76,6677.68
,2,2,7198.72,6758
2,1,2,7229.28,6738.64
1,1,2,7196,6680.56
3,2,2,7110.08,6708.24
4,3,1,7085.12,6644.4
,3,2,7251.52,6569.68
2,3,4,7068.48,6672.24
2,1,1,7287.52,6616.72
,2,1,7101.76,6661.04
,2,4,7090.72,6542
,2,1,7212.64,6575.12
,1,1,7032.48,6641.68
2,3,1,7190.56,6713.68
4,3,3,7179.36,6630.64
,1,2,7182.24,6636.08
1,1,4,7068.48,6569.68
5,3,1,7190.56,6697.04
3,4,2,7290.24,6616.72
3,4,3,7099.04,6744.24
,1,2,7151.68,6530.8
2,1,1,7096.32,6688.72
,1,1,7157.28,6683.28
3,3,4,7232,6763.6
2,2,1,7118.4,6669.36
,2,2,7179.36,6730.32
1,2,2,7143.36,6686
3,2,3,7093.44,6622.32
2,2,1,7259.84,6735.92
2,1,1,7215.36,6638.96
3,2,1,7101.76,6619.44
3,4,1,7165.6,6641.68
4,4,5,7273.6,6594.64
2,5,6,7259.84,6597.36
,2,1,7057.44,6633.36
1,1,2,7115.68,6558.48
4,5,2,7248.64,6727.6
3,2,1,7143.36,6630.64
3,4,2,7040.8,6655.6
3,3,1,7057.44,6655.6
1,1,1,7148.96,6558.48
,2,1,7082.4,6622.32
,1,1,7146.08,6547.44
,1,1,7068.48,6697.04
3,2,1,7099.04,6644.4
1,1,2,7126.72,6641.68
,2,2,7154.4,6735.92
0,2,2,7146.08,6680.56
2,2,2,7207.04,6710.96
1,1,2,7157.28,6730.32
,3,1,7204.32,6519.76
,3,3,7270.88,6630.64
3,4,1,7148.96,6553.04
2,2,1,7168.32,6638.96
,1,1,7176.64,6752.56
0,1,1,7187.68,6652.72
4,2,1,7215.36,6600.08
6,6,5,7276.32,6722
1,1,1,7140.64,6619.44
,3,2,7209.92,6727.6
,5,4,7082.4,6547.44
,1,1,7099.04,6602.96
1,2,2,7270.88,6622.32
,2,1,7107.36,6688.72
,2,3,7182.24,6544.72
4,3,2,7212.64,6611.28
2,1,1,7143.36,6644.4
2,1,1,7279.2,6661.04
4,3,2,7090.72,6614
1,1,2,7287.52,6661.04
3,3,3,7173.92,6586.32
2,2,3,7207.04,6597.36
1,2,2,7187.68,6708.24
3,3,3,7220.96,6641.68
2,4,1,7171.04,6752.56
4,6,4,7201.6,6724.88
,5,4,7251.52,6586.32
1,1,2,7137.76,6766.32
1,3,3,7115.68,6602.96
,3,4,7218.24,6533.68
,2,1,7052,6694.32
,3,2,7126.72,6539.12
,2,2,7187.68,6572.4
,2,2,7212.64,6566.8
,2,2,7182.24,6672.24
2,3,2,7196,6625.04
,2,1,7074.08,6749.84
,1,1,7140.64,6752.56
0,1,3,7265.28,6686
1,1,2,7124,6688.72
3,2,4,7099.04,6578
,3,3,7112.96,6777.52
,2,1,7135.04,6641.68
1,1,2,7198.72,6699.92
2,1,2,7112.96,6625.04
3,4,5,7052,6569.68
2,1,2,7135.04,6608.4
1,1,1,7143.36,6633.36
3,2,1,7154.4,6616.72
1,1,2,7054.72,6591.76
2,3,3,7276.32,6658.32
1,1,2,7193.28,6539.12
2,4,2,7104.64,6683.28
4,4,3,7079.68,6619.44
5,7,2,7071.36,6558.48
,1,3,7079.68,6749.84
2,2,2,7157.28,6697.04
1,2,3,7124,6530.8
,3,1,7262.56,6591.76
2,3,2,7251.52,6680.56
0,3,1,7212.64,6683.28
1,1,1,7132.32,6680.56
1,1,1,7040.8,6633.36
1,1,1,7265.28,6630.64
,1,2,7135.04,6746.96
,5,2,7107.36,6771.92
,2,2,7054.72,6694.32
,2,1,7243.2,6589.04
2,1,1,7090.72,6680.56
1,2,1,7179.36,6677.68
4,4,4,7104.64,6755.28
2,2,1,7162.72,6578
4,3,3,7054.72,6572.4
,1,2,7171.04,6608.4
,3,2,7140.64,6553.04
1,1,2,7135.04,6614
2,2,1,7154.4,6741.52
5,5,3,7270.88,6683.28
2,1,1,7182.24,6589.04
2,2,1,7254.24,6669.36
4,4,3,7110.08,6647.28
2,2,1,7237.6,6744.24
4,6,5,7060.16,6580.72
3,3,2,7118.4,6591.76
,2,3,7218.24,6641.68
,2,1,7287.52,6638.96
3,3,3,7162.72,6533.68
4,2,1,7251.52,6619.44
,4,5,7121.28,6769.2
,4,7,7265.28,6572.4
3,2,2,7209.92,6650
,2,2,7148.96,6769.2
,2,1,7243.2,6672.24
1,2,2,7112.96,6636.08
3,5,4,7173.92,6746.96
3,2,1,7090.72,6727.6
2,2,3,7162.72,6611.28
,3,2,7115.68,6746.96
2,2,3,7146.08,6650
1,1,1,7176.64,6710.96
1,1,1,7132.32,6636.08
1,1,2,7229.28,6694.32
2,3,1,7126.72,6627.76
1,1,1,7118.4,6674.96
1,1,3,7223.68,6636.08
,3,1,7212.64,6752.56
,4,1,7054.72,6702.64
,1,3,7101.76,6749.84
2,1,1,7118.4,6719.28
0,1,1,7209.92,6633.36
2,2,4,7245.92,6564.08
1,1,1,7049.12,6644.4
,1,2,7240.32,6749.84
,3,7,7223.68,6528.08
3,3,2,7126.72,6763.6
6,4,4,7076.8,6566.8
4,2,1,7063.04,6583.44
2,3,2,7054.72,6644.4
,4,4,7220.96,6547.44
3,3,2,7215.36,6594.64
3,2,3,7137.76,6569.68
3,3,3,7096.32,6697.04
4,3,2,7248.64,6558.48
,5,4,7085.12,6763.6
,2,2,7196,6569.68
3,2,2,7276.32,6647.28
1,1,1,7248.64,6683.28
6,6,6,7251.52,6555.76
,5,4,7143.36,6536.4
1,2,5,7035.36,6594.64
0,4,4,7234.88,6630.64
3,2,1,7104.64,6572.4
5,3,1,7265.28,6591.76
,3,2,7212.64,6564.08
3,2,1,7126.72,6614
4,3,1,7093.44,6669.36
1,1,2,7187.68,6644.4
,2,3,7093.44,6647.28
5,4,3,7121.28,6652.72
2,3,1,7101.76,6688.72
2,2,4,7126.72,6625.04
0,3,1,7243.2,6661.04
3,3,3,7035.36,6647.28
2,1,1,7182.24,6558.48
,5,2,7115.68,6530.8
,3,1,7079.68,6575.12
1,2,2,7074.08,6688.72
1,1,2,7137.76,6525.36
0,1,2,7162.72,6710.96
2,2,2,7223.68,6727.6
2,2,1,7027.04,6683.28
,2,2,7220.96,6539.12
1,2,1,7052,6652.72
4,4,2,7165.6,6663.92
5,5,2,7024.16,6661.04
1,2,2,7029.76,6636.08
1,1,3,7240.32,6652.72
0,1,1,7198.72,6663.92
2,2,3,7220.96,6652.72
,4,1,7085.12,6708.24
3,2,1,7215.36,6741.52
3,5,1,7085.12,6636.08
4,3,2,7204.32,6677.68
3,3,2,7088,6691.6
2,2,1,7038.08,6641.68
,4,5,7259.84,6575.12
2,1,1,7292.96,6661.04
2,2,1,7165.6,6586.32
2,1,2,7074.08,6583.44
2,1,1,7256.96,6625.04
6,5,4,7281.92,6702.64
3,2,1,7035.36,6625.04
2,2,2,7101.76,6627.76
,1,2,7229.28,6716.56
1,1,1,7220.96,6663.92
1,1,1,7190.56,6614
1,1,2,7160,6644.4
5,3,1,7265.28,6661.04
,2,5,7254.24,6730.32
3,2,2,7121.28,6647.28
1,1,3,7121.28,6766.32
3,2,3,7243.2,6641.68
,1,3,7268,6597.36
1,1,1,7043.68,6636.08
,1,1,7270.88,6661.04
3,3,1,7259.84,6674.96
2,3,4,7270.88,6591.76
3,2,2,7292.96,6614
,2,2,7099.04,6755.28
,1,3,7262.56,6741.52
3,4,3,7259.84,6591.76
1,1,1,7107.36,6694.32
1,2,4,7065.76,6561.36
,2,3,7171.04,6647.28
,1,1,7179.36,6536.4
1,1,2,7182.24,6716.56
,1,2,7107.36,6530.8
3,3,2,7107.36,6716.56
,2,1,7151.68,6669.36
1,1,2,7184.96,6625.04
3,3,3,7162.72,6625.04
,2,4,7137.76,6544.72
2,3,2,7232,6589.04
2,2,7,7043.68,6583.44
,3,1,7032.48,6674.96
2,3,2,7162.72,6583.44
1,1,4,7212.64,6542
,1,3,7076.8,6666.64
3,2,2,7071.36,6730.32
3,4,1,7143.36,6724.88
,2,3,7220.96,6600.08
,2,3,7137.76,6777.52
,3,2,7184.96,6738.64
2,1,1,7148.96,6575.12
,2,3,7256.96,6558.48
,3,1,7160,6760.88
,1,1,7256.96,6627.76
1,1,1,7168.32,6594.64
2,2,4,7101.76,6550.16
1,3,1,7110.08,6694.32
1,1,1,7226.56,6661.04
1,1,1,7146.08,6633.36
1,1,1,7076.8,6641.68
1,1,1,7215.36,6652.72
0,3,2,7126.72,6691.6
,1,3,7093.44,6769.2
2,3,1,7187.68,6550.16
2,1,1,7151.68,6611.28
0,2,2,7223.68,6724.88
,1,2,7157.28,6522.48
3,3,2,7093.44,6688.72
2,1,1,7049.12,6661.04
3,3,2,7121.28,6760.88
4,6,2,7273.6,6713.68
1,1,1,7207.04,6683.28
1,1,1,7099.04,6619.44
1,2,2,7074.08,6638.96
2,1,4,7243.2,6578
,2,2,7193.28,6727.6
,1,2,7135.04,6780.24
3,3,3,7076.8,6738.64
2,3,2,7054.72,6564.08
2,4,6,7115.68,6522.48
4,2,2,7104.64,6544.72
,2,1,7173.92,6724.88
4,6,4,7248.64,6575.12
3,3,3,7074.08,6575.12
3,2,3,7082.4,6644.4
4,4,4,7251.52,6589.04
3,2,1,7276.32,6655.6
,2,1,7245.92,6694.32
,3,4,7262.56,6583.44
1,1,1,7137.76,6647.28
3,2,2,7193.28,6578
4,3,1,7234.88,6669.36
4,4,6,7093.44,6533.68
,2,2,7176.64,6602.96
2,1,1,7040.8,6699.92
5,5,4,7215.36,6566.8
3,2,3,7124,6699.92
,3,4,7157.28,6611.28
1,3,6,7096.32,6589.04
2,3,8,7065.76,6550.16
2,2,3,7157.28,6619.44
,1,2,7234.88,6600.08
2,1,2,7173.92,6735.92
2,3,1,7171.04,6658.32
5,4,6,7259.84,6594.64
1,1,2,7063.04,6699.92
,1,2,7132.32,6733.2
4,4,5,7215.36,6536.4
,2,1,7118.4,6539.12
4,3,4,7226.56,6722
3,4,2,7184.96,6752.56
5,3,1,7118.4,6630.64
1,1,1,7151.68,6716.56
3,3,1,7234.88,6680.56
0,1,1,7196,6661.04
2,2,2,7112.96,6655.6
,2,2,7110.08,6716.56
3,2,2,7207.04,6636.08
2,2,4,7107.36,6608.4
,1,2,7132.32,6652.72
,2,2,7157.28,6550.16
1,1,2,7054.72,6688.72
2,3,2,7173.92,6597.36
3,3,3,7268,6669.36
2,2,1,7190.56,6580.72
,2,1,7223.68,6697.04
,1,1,7196,6730.32
,2,3,7193.28,6722
,1,2,7243.2,6719.28
1,1,1,7151.68,6752.56
2,1,1,7088,6591.76
1,1,2,7187.68,6530.8
4,2,2,7140.64,6666.64
,1,3,7193.28,6661.04
,2,2,7121.28,6530.8
,2,5,7148.96,6652.72
,6,3,7110.08,6752.56
,2,2,7234.88,6591.76
,2,2,7218.24,6544.72
,3,2,7112.96,6746.96
,1,2,7176.64,6760.88
1,1,1,7085.12,6583.44
3,2,1,7154.4,6694.32
,1,3,7027.04,6647.28
0,2,3,7182.24,6730.32
2,1,1,7196,6722
0,2,3,7259.84,6702.64
3,2,4,7292.96,6666.64
,5,5,7251.52,6558.48
1,1,1,7093.44,6636.08
,3,2,7124,6771.92
2,2,1,7054.72,6666.64
1,1,2,7245.92,6697.04
3,2,2,7240.32,6705.36
4,4,4,7265.28,6611.28
2,1,2,7229.28,6672.24
1,2,3,7215.36,6710.96
,4,5,7234.88,6636.08
3,2,1,7193.28,6633.36
,1,3,7104.64,6744.24
3,3,2,7118.4,6686
,3,3,7240.32,6744.24
1,2,2,7162.72,6691.6
1,3,3,7265.28,6719.28
0,1,3,7187.68,6724.88
3,4,3,7262.56,6705.36
,2,2,7085.12,6722
2,5,4,7118.4,6522.48
,3,1,7157.28,6674.96
7,6,6,7265.28,6680.56
,3,1,7157.28,6533.68
2,4,4,7085.12,6564.08
2,1,2,7135.04,6591.76
1,1,2,7143.36,6766.32
,2,1,7074.08,6691.6
1,1,2,7063.04,6716.56
4,2,3,7256.96,6716.56
4,2,1,7043.68,6705.36
1,1,3,7207.04,6650
,1,2,7146.08,6746.96
1,1,1,7101.76,6591.76
3,4,2,7232,6583.44
,6,4,7268,6583.44
1,1,1,7115.68,6672.24
1,1,1,7251.52,6708.24
0,2,2,7179.36,6686
,3,1,7115.68,6636.08
2,2,1,7124,6597.36
1,1,4,7193.28,6602.96
,3,1,7148.96,6561.36
,4,2,7207.04,6771.92
,2,7,7237.6,6555.76
,2,2,7118.4,6766.32
2,3,3,7190.56,6566.8
3,3,3,7110.08,6544.72
,1,4,7112.96,6589.04
4,4,1,7171.04,6661.04
1,2,2,7074.08,6719.28
1,1,1,7196,6555.76
4,4,4,7251.52,6547.44
,4,2,7096.32,6542
2,1,1,7182.24,6641.68
3,2,1,7063.04,6564.08
2,2,2,7104.64,6661.04
5,5,3,7168.32,6600.08
2,1,1,7110.08,6735.92
5,5,2,7259.84,6727.6
1,2,1,7027.04,6655.6
,4,2,7038.08,6708.24
,1,2,7287.52,6663.92
2,2,2,7168.32,6611.28
,6,5,7237.6,6544.72
,2,4,7173.92,6774.64
,2,3,7196,6550.16
,2,3,7038.08,6694.32
2,3,2,7115.68,6644.4
,4,3,7220.96,6564.08
1,1,1,7146.08,6586.32
0,2,2,7046.4,6616.72
2,1,2,7179.36,6647.28
,6,6,7229.28,6533.68
2,1,1,7099.04,6633.36
3,4,4,7273.6,6674.96
,1,1,7218.24,6586.32
,1,2,7029.76,6663.92
2,2,2,7240.32,6683.28
1,1,3,7198.72,6738.64
1,1,2,7024.16,6652.72
3,2,1,7096.32,6544.72
3,4,3,7212.64,6536.4
4,4,2,7171.04,6547.44
,3,1,7049.12,6663.92
2,3,2,7240.32,6713.68
,6,2,7057.44,6583.44
,1,1,7226.56,6638.96
1,3,2,7182.24,6658.32
2,1,1,7232,6672.24
,2,3,7135.04,6517.04
3,2,1,7160,6586.32
,3,1,7201.6,6647.28
3,2,1,7204.32,6730.32
1,1,1,7262.56,6686
2,2,3,7234.88,6622.32
2,1,1,7196,6683.28
,3,1,7173.92,6661.04
1,2,1,7151.68,6591.76
2,2,1,7124,6652.72
,2,1,7273.6,6647.28
0,2,3,7295.84,6658.32
1,1,2,7151.68,6652.72
1,2,2,7090.72,6713.68
,4,2,7099.04,6741.52
,3,4,7101.76,6752.56
1,1,1,7243.2,6655.6
5,5,3,7256.96,6697.04
2,1,1,7162.72,6708.24
1,1,1,7107.36,6663.92
0,2,2,7071.36,6713.68
2,3,4,7121.28,6680.56
2,2,3,7245.92,6616.72
3,2,2,7290.24,6683.28
0,1,1,7146.08,6666.64
,4,1,7212.64,6699.92
2,3,1,7124,6650
1,1,2,7204.32,6710.96
,3,2,7054.72,6730.32
1,2,1,7151.68,6766.32
1,1,1,7146.08,6614
2,1,1,7171.04,6558.48
,3,3,7171.04,6699.92
2,2,1,7279.2,6638.96
3,3,3,7024.16,6669.36
,2,2,7232,6602.96
,3,3,7085.12,6533.68
3,4,3,7254.24,6710.96
,3,3,7088,6572.4
1,1,5,7043.68,6716.56
,2,1,7043.68,6713.68
,1,2,7184.96,6763.6
,3,2,7237.6,6758
3,2,3,7179.36,6614
1,1,2,7140.64,6578
,2,2,7068.48,6744.24
0,1,1,7126.72,6600.08
3,5,1,7085.12,6575.12
2,2,2,7107.36,6539.12
,1,1,7276.32,6614
2,2,2,7112.96,6672.24
1,1,2,7101.76,6708.24
,3,1,7154.4,6749.84
,2,1,7043.68,6633.36
2,2,2,7268,6677.68
,5,7,7270.88,6724.88
0,1,1,7151.68,6674.96
4,2,3,7281.92,6710.96
,4,4,7256.96,6619.44
1,1,2,7179.36,6644.4
,3,2,7218.24,6730.32
4,3,5,7262.56,6589.04
,1,2,7076.8,6672.24
4,3,2,7256.96,6589.04
,1,2,7281.92,6605.68
,1,2,7074.08,6727.6
1,1,2,7223.68,6583.44
1,1,1,7162.72,6686
,4,4,7256.96,6638.96
4,3,3,7074.08,6650
,6,6,7229.28,6544.72
0,2,2,7090.72,6699.92
1,1,1,7162.72,6702.64
2,1,1,7076.8,6602.96
1,1,1,7248.64,6647.28
,3,2,7049.12,6683.28
1,3,2,7049.12,6589.04
,2,1,7259.84,6619.44
,3,1,7193.28,6555.76
,1,1,7184.96,6522.48
2,2,2,7237.6,6663.92
,2,4,7226.56,6539.12
1,1,1,7179.36,6636.08
2,2,2,7279.2,6672.24
,1,1,7179.36,6741.52
3,3,2,7090.72,6555.76
3,4,4,7104.64,6539.12
,1,1,7135.04,6522.48
3,3,1,7179.36,6669.36
,1,4,7198.72,6735.92
1,1,2,7196,6702.64
0,4,2,7234.88,6752.56
2,4,4,7085.12,6605.68
3,2,1,7079.68,6674.96
,3,1,7182.24,6746.96
2,3,2,7135.04,6663.92
2,2,1,7063.04,6658.32
4,4,7,7079.68,6611.28
0,2,1,7184.96,6644.4
3,3,2,7040.8,6627.76
1,1,2,7201.6,6669.36
2,2,1,7137.76,6572.4
,2,3,7223.68,6555.76
,2,1,7132.32,6517.04
2,2,1,7157.28,6719.28
,1,2,7268,6710.96
2,2,1,7259.84,6644.4
3,4,4,7096.32,6539.12
3,2,1,7121.28,6575.12
,2,1,7154.4,6727.6
1,1,2,7104.64,6638.96
,2,3,7196,6580.72
,2,1,7099.04,6713.68
2,2,2,7151.68,6663.92
2,2,2,7209.92,6733.2
2,3,4,7162.72,6636.08
,1,2,7273.6,6680.56
1,1,1,7071.36,6630.64
,2,2,7209.92,6561.36
,1,1,7071.36,6722
,3,1,7254.24,6583.44
,3,4,7135.04,6763.6
1,1,1,7256.96,6655.6
1,1,2,7279.2,6641.68
,1,1,7212.64,6605.68
,1,1,7035.36,6652.72
6,4,2,7276.32,6702.64
,2,1,7090.72,6575.12
,2,2,7229.28,6719.28
4,5,5,7046.4,6713.68
,5,1,7276.32,6622.32
3,2,2,7223.68,6688.72
3,2,1,7190.56,6650
4,4,1,7046.4,6591.76
,3,3,7262.56,6564.08
,3,1,7137.76,6680.56
,3,2,7173.92,6744.24
1,2,2,7088,6544.72
1,2,2,7132.32,6558.48
1,1,1,7287.52,6655.6
6,7,7,7060.16,6566.8
3,3,1,7196,6578
2,4,1,7168.32,6530.8
,2,2,7165.6,6553.04
4,4,2,7137.76,6641.68
,3,3,7245.92,6749.84
1,1,2,7160,6638.96
2,2,2,7104.64,6578
,3,3,7126.72,6722
3,3,2,7160,6661.04
,3,2,7076.8,6578
1,1,1,7137.76,6589.04
2,1,1,7063.04,6669.36
0,5,4,7151.68,6708.24
2,2,6,7168.32,6766.32
5,3,2,7112.96,6580.72
,3,3,7218.24,6528.08
,1,2,7143.36,6683.28
,1,1,7196,6533.68
,1,1,7140.64,6614
0,1,2,7234.88,6758
,1,2,7090.72,6569.68
1,2,1,7245.92,6741.52
4,6,4,7190.56,6611.28
0,1,2,7240.32,6733.2
,1,2,7135.04,6539.12
2,3,1,7079.68,6597.36
,2,1,7104.64,6630.64
2,2,1,7201.6,6680.56
2,2,3,7115.68,6699.92
3,4,2,7198.72,6777.52
0,1,3,7104.64,6741.52
2,2,2,7135.04,6738.64
4,3,1,7096.32,6558.48
0,3,1,7060.16,6633.36
2,2,2,7112.96,6650
0,2,3,7148.96,6683.28
3,2,1,7196,6777.52
3,4,4,7204.32,6760.88
,2,2,7220.96,6536.4
,2,3,7184.96,6616.72
2,3,2,7132.32,6564.08
2,3,1,7262.56,6724.88
2,1,2,7173.92,6780.24
4,3,1,7101.76,6705.36
1,1,2,7204.32,6716.56
1,1,1,7099.04,6583.44
,2,2,7124,6758
,3,2,7268,6633.36
4,5,2,7121.28,6638.96
1,1,1,7148.96,6566.8
1,1,1,7093.44,6616.72
1,1,2,7060.16,6688.72
,2,1,7112.96,6680.56
4,4,3,7099.04,6544.72
5,3,1,7240.32,6746.96
1,1,1,7143.36,6616.72
0,1,1,7052,6708.24
,2,1,7046.4,6661.04
4,5,3,7248.64,6738.64
3,2,5,7184.96,6697.04
,3,6,7256.96,6555.76
3,2,2,7162.72,6608.4
3,4,3,7043.68,6616.72
,3,1,7162.72,6727.6
3,3,1,7268,6638.96
2,1,1,7099.04,6663.92
3,3,3,7284.64,6702.64
,5,4,7060.16,6555.76
,2,1,7038.08,6697.04
2,2,4,7176.64,6746.96
4,3,2,7234.88,6699.92
1,1,1,7052,6658.32
,2,1,7226.56,6713.68
4,4,3,7112.96,6583.44
1,1,1,7171.04,6744.24
2,3,3,7259.84,6663.92
5,4,2,7135.04,6625.04
2,2,1,7115.68,6605.68
3,2,1,7243.2,6650
2,2,1,7232,6666.64
1,2,1,7209.92,6614
,3,4,7209.92,6539.12
1,1,3,7118.4,6586.32
2,1,1,7160,6727.6
2,2,5,7290.24,6605.68
,4,1,7124,6663.92
1,1,1,7173.92,6652.72
4,3,3,7196,6630.64
,4,4,7237.6,6536.4
1,1,1,7168.32,6686
,3,1,7220.96,6553.04
2,1,1,7129.44,6627.76
3,3,1,7171.04,6605.68
,2,1,7229.28,6572.4
1,1,1,7165.6,6672.24
2,2,3,7154.4,6591.76
4,2,3,7063.04,6686
2,2,4,7140.64,6608.4
2,2,2,7121.28,6644.4
0,2,2,7171.04,6710.96
3,2,1,7143.36,6716.56
1,1,1,7154.4,6597.36
,4,1,7168.32,6550.16
2,3,3,7046.4,6658.32
1,1,1,7090.72,6608.4
1,1,1,7093.44,6686
4,2,2,7259.84,6652.72
2,2,1,7154.4,6663.92
4,3,5,7076.8,6555.76
,6,6,7220.96,6528.08
2,1,1,7273.6,6605.68
,4,2,7209.92,6566.8
4,3,2,7196,6738.64
,1,1,7071.36,6575.12
1,2,3,7232,6744.24
2,1,3,7110.08,6558.48
2,2,2,7099.04,6608.4
,3,2,7218.24,6616.72
0,1,1,7196,6749.84
,1,2,7243.2,6647.28
1,2,2,7121.28,6658.32
5,6,5,7265.28,6564.08
1,2,2,7146.08,6589.04
2,2,2,7290.24,6627.76
3,2,3,7212.64,6719.28
,5,6,7259.84,6744.24
,2,3,7226.56,6669.36
2,3,3,7071.36,6619.44
1,1,3,7104.64,6647.28
2,3,2,7295.84,6655.6
3,4,4,7060.16,6569.68
5,3,2,7220.96,6694.32
,3,1,7046.4,6694.32
,2,4,7076.8,6699.92
0,1,1,7198.72,6722
,1,1,7190.56,6686
3,3,1,7209.92,6644.4
1,1,2,7101.76,6702.64
1,1,1,7248.64,6650
2,1,1,7082.4,6672.24
4,4,1,7126.72,6589.04
2,2,2,7240.32,6644.4
,1,1,7157.28,6735.92
3,3,1,7143.36,6658.32
3,2,3,7107.36,6589.04
4,2,2,7082.4,6558.48
3,2,5,7276.32,6708.24
3,4,2,7207.04,6716.56
1,1,1,7207.04,6616.72
4,4,2,7129.44,6724.88
0,3,1,7176.64,6674.96
1,2,3,7082.4,6564.08
2,3,3,7209.92,6575.12
1,1,2,7262.56,6735.92
,2,1,7132.32,6530.8
,1,3,7101.76,6774.64
,3,2,7074.08,6708.24
2,2,2,7168.32,6578
0,3,3,7201.6,6630.64
,2,2,7068.48,6625.04
2,3,3,7223.68,6652.72
,2,2,7201.6,6530.8
3,3,1,7132.32,6647.28
1,1,3,7112.96,6658.32
2,1,2,7284.64,6627.76
,2,2,7232,6550.16
,2,1,7118.4,6580.72
2,2,1,7124,6782.96
3,5,5,7212.64,6616.72
4,4,2,7052,6589.04
3,2,1,7140.64,6655.6
,3,5,7201.6,6597.36
,1,3,7049.12,6713.68
1,1,1,7196,6719.28
,4,3,7090.72,6752.56
4,3,2,7124,6555.76
4,4,1,7273.6,6622.32
,1,1,7057.44,6680.56
2,2,1,7135.04,6638.96
3,4,1,7190.56,6746.96
2,2,2,7093.44,6655.6
1,1,3,7279.2,6597.36
,1,2,7121.28,6774.64
,3,3,7162.72,6569.68
,2,2,7204.32,6627.76
2,1,2,7099.04,6749.84
2,2,1,7162.72,6713.68
,3,3,7212.64,6597.36
,3,2,7074.08,6677.68
,2,1,7207.04,6572.4
,2,1,7043.68,6666.64
2,2,1,7151.68,6514.16
,1,1,7137.76,6724.88
,1,2,7223.68,6705.36
,4,2,7110.08,6744.24
3,3,1,7187.68,6777.52
3,2,1,7245.92,6733.2
2,2,1,7198.72,6661.04
3,2,1,7154.4,6622.32
,4,2,7099.04,6572.4
,2,4,7046.4,6627.76
2,1,2,7196,6647.28
3,3,1,7135.04,6566.8
3,2,4,7124,6647.28
4,5,1,7243.2,6738.64
1,1,2,7157.28,6661.04
1,3,3,7126.72,6771.92
1,1,1,7090.72,6644.4
,3,2,7234.88,6533.68
3,2,2,7052,6661.04
1,1,1,7126.72,6688.72
1,1,1,7226.56,6586.32
,1,1,7085.12,6724.88
3,3,4,7212.64,6669.36
1,1,3,7112.96,6666.64
,2,2,7220.96,6763.6
2,2,2,7068.48,6658.32
0,3,2,7096.32,6553.04
,3,2,7212.64,6658.32
,4,2,7196,6561.36
,2,2,7190.56,6727.6
2,1,3,7243.2,6694.32
,4,2,7270.88,6594.64
1,1,2,7245.92,6655.6
1,1,1,7148.96,6730.32
3,4,4,7243.2,6625.04
1,1,2,7132.32,6580.72
4,4,1,7198.72,6528.08
1,2,2,7148.96,6647.28
1,1,1,7110.08,6724.88
,3,2,7132.32,6566.8
2,2,1,7193.28,6691.6
3,3,3,7215.36,6760.88
1,1,1,7248.64,6686
2,2,1,7137.76,6644.4
3,2,2,7071.36,6625.04
3,3,1,7212.64,6638.96
4,2,3,7135.04,6569.68
1,1,1,7201.6,6586.32
2,1,1,7198.72,6702.64
1,1,1,7140.64,6652.72
,2,1,7029.76,6683.28
2,3,1,7201.6,6755.28
1,2,2,7052,6614
,2,2,7276.32,6663.92
3,4,3,7165.6,6716.56
,4,2,7063.04,6702.64
1,1,2,7281.92,6661.04
1,1,1,7182.24,6655.6
,2,3,7151.68,6544.72
1,1,1,7112.96,6605.68
1,2,3,7215.36,6614
4,4,5,7054.72,6589.04
1,1,1,7129.44,6608.4
,4,7,7071.36,6699.92
2,1,2,7212.64,6733.2
2,1,1,7187.68,6594.64
,2,1,7168.32,6744.24
4,4,2,7245.92,6727.6
,2,1,7179.36,6597.36
,1,1,7146.08,6517.04
,1,1,7259.84,6608.4
2,4,3,7110.08,6619.44
3,3,2,7284.64,6705.36
,2,5,7218.24,6530.8
1,2,1,7287.52,6647.28
,2,1,7284.64,6633.36
,1,1,7182.24,6519.76
0,1,3,7162.72,6627.76
1,1,1,7107.36,6650
1,1,3,7229.28,6710.96
1,2,1,7204.32,6672.24
1,2,1,7060.16,6666.64
2,3,2,7068.48,6547.44
1,1,1,7118.4,6672.24
2,2,1,7137.76,6758
6,5,3,7207.04,6641.68
,3,2,7124,6525.36
,6,4,7046.4,6619.44
,3,1,7220.96,6572.4
1,1,1,7151.68,6691.6
1,1,2,7151.68,6597.36
4,3,2,7082.4,6561.36
,4,3,7082.4,6536.4
,2,2,7184.96,6611.28
,4,6,7043.68,6710.96
,3,1,7187.68,6744.24
2,2,2,7165.6,6705.36
2,1,2,7262.56,6614
3,2,2,7065.76,6694.32
2,1,2,7184.96,6619.44
3,4,3,7220.96,6741.52
3,2,2,7124,6638.96
1,1,2,7223.68,6755.28
3,2,1,7074.08,6616.72
2,3,1,7240.32,6597.36
2,1,1,7151.68,6661.04
1,1,1,7063.04,6652.72
,2,3,7052,6627.76
3,2,1,7234.88,6760.88
1,1,1,7173.92,6514.16
2,3,3,7071.36,6566.8
,4,4,7157.28,6669.36
2,1,2,7157.28,6727.6
1,1,2,7135.04,6542
1,1,3,7060.16,6614
,2,2,7104.64,6605.68
,1,3,7057.44,6735.92
1,1,1,7187.68,6553.04
4,4,6,7254.24,6566.8
3,3,2,7171.04,6697.04
,2,4,7234.88,6539.12
,2,1,7063.04,6655.6
2,2,1,7148.96,6597.36
2,2,2,7182.24,6583.44
1,1,2,7179.36,6514.16
4,4,1,7065.76,6589.04
2,2,1,7168.32,6724.88
0,2,1,7218.24,6644.4
2,2,1,7193.28,6697.04
3,3,2,7101.76,6758
4,3,3,7063.04,6566.8
2,1,1,7268,6641.68
0,1,2,7182.24,6586.32
,2,3,7135.04,6514.16
2,2,2,7220.96,6578
,2,1,7187.68,6763.6
5,3,3,7215.36,6688.72
4,4,2,7068.48,6694.32
3,2,1,7096.32,6619.44
,1,1,7160,6694.32
,2,1,7157.28,6514.16
1,1,2,7143.36,6650
2,2,1,7065.76,6677.68
1,2,3,7218.24,6691.6
,1,3,7088,6647.28
3,2,1,7168.32,6774.64
4,3,1,7226.56,6630.64
1,1,3,7132.32,6774.64
3,2,1,7088,6702.64
1,1,1,7071.36,6644.4
,1,2,7182.24,6575.12
4,3,3,7234.88,6683.28
0,1,1,7171.04,6616.72
3,4,2,7232,6749.84
5,4,2,7124,6564.08
3,2,2,7287.52,6691.6
2,1,2,7090.72,6536.4
,4,5,7052,6722
4,4,4,7251.52,6738.64
2,2,2,7207.04,6594.64
,2,1,7190.56,6525.36
1,1,2,7049.12,6652.72
1,1,2,7207.04,6655.6
3,3,3,7229.28,6724.88
,2,2,7176.64,6755.28
2,1,2,7038.08,6683.28
1,1,2,7168.32,6633.36
3,2,1,7088,6611.28
2,1,1,7179.36,6691.6
4,3,1,7157.28,6647.28
2,3,5,7146.08,6564.08
0,2,4,7190.56,6569.68
3,3,3,7124,6572.4
2,2,2,7088,6600.08
,2,1,7209.92,6663.92
4,4,3,7295.84,6674.96
,1,1,7201.6,6758
,4,3,7115.68,6777.52
1,2,3,7135.04,6752.56
2,1,3,7040.8,6619.44
5,6,9,7079.68,6544.72
3,2,3,7196,6782.96
1,3,1,7115.68,6622.32
4,3,3,7240.32,6608.4
1,1,3,7110.08,6542
2,1,1,7129.44,6691.6
,2,1,7157.28,6752.56
3,2,1,7143.36,6572.4
3,2,1,7088,6586.32
3,3,2,7237.6,6641.68
4,4,2,7046.4,6674.96
2,1,2,7265.28,6586.32
2,3,2,7198.72,6647.28
3,4,3,7237.6,6716.56
1,1,2,7204.32,6633.36
2,3,2,7218.24,6719.28
2,2,1,7093.44,6746.96
3,5,2,7040.8,6644.4
,3,2,7207.04,6611.28
,2,1,7068.48,6666.64
,2,6,7121.28,6522.48
1,3,6,7248.64,6752.56
,1,1,7151.68,6539.12
5,6,6,7057.44,6561.36
0,1,1,7182.24,6680.56
2,2,3,7065.76,6636.08
0,2,1,7151.68,6749.84
3,3,1,7187.68,6661.04
3,3,2,7190.56,6558.48
,2,2,7229.28,6713.68
1,1,2,7237.6,6644.4
,2,1,7063.04,6730.32
,2,1,7229.28,6608.4
,1,1,7223.68,6633.36
,4,3,7218.24,6580.72
,2,2,7101.76,6722
1,1,3,7190.56,6597.36
2,1,1,7132.32,6677.68
3,2,1,7151.68,6569.68
2,3,2,7065.76,6619.44
2,2,4,7190.56,6555.76
2,2,3,7209.92,6669.36
3,2,2,7079.68,6738.64
0,1,1,7027.04,6625.04
1,2,1,7265.28,6691.6
3,4,4,7121.28,6578
2,2,1,7243.2,6644.4
,2,2,7027.04,6633.36
2,1,1,7237.6,6575.12
0,4,2,7171.04,6683.28
3,2,2,7104.64,6652.72
1,2,5,7132.32,6763.6
,1,1,7040.8,6674.96
0,1,2,7259.84,6722
1,3,2,7121.28,6572.4
4,2,1,7057.44,6614
3,2,5,7082.4,6625.04
,2,1,7057.44,6683.28
0,4,5,7168.32,6769.2
3,2,2,7168.32,6652.72
2,2,2,7173.92,6716.56
2,2,1,7101.76,6763.6
3,2,5,7090.72,6580.72
,2,2,7046.4,6680.56
,2,2,7126.72,6774.64
1,1,1,7104.64,6550.16
1,1,1,7276.32,6652.72
0,1,1,7085.12,6727.6
,1,1,7046.4,6652.72
2,2,1,7207.04,6744.24
1,1,1,7146.08,6627.76
2,1,2,7079.68,6733.2
3,2,4,7268,6686
3,3,2,7190.56,6589.04
3,2,1,7129.44,6591.76
4,3,3,7198.72,6553.04
0,2,2,7162.72,6605.68
1,1,1,7179.36,6713.68
,2,3,7085.12,6752.56
1,3,3,7121.28,6558.48
,5,1,7173.92,6766.32
2,2,1,7065.76,6727.6
2,2,2,7090.72,6666.64
,2,2,7140.64,6782.96
,5,3,7237.6,6558.48
3,3,1,7287.52,6674.96
2,1,1,7074.08,6710.96
,1,1,7198.72,6680.56
2,1,2,7256.96,6683.28
4,3,2,7240.32,6605.68
,4,4,7112.96,6683.28
2,1,1,7190.56,6630.64
4,4,2,7076.8,6722
3,2,1,7076.8,6608.4
,1,2,7218.24,6630.64
,3,2,7029.76,6630.64
,2,4,7071.36,6569.68
,4,1,7220.96,6688.72
5,3,2,7232,6641.68
2,1,2,7151.68,6625.04
3,2,4,7237.6,6614
,3,3,7259.84,6616.72
,1,1,7043.68,6669.36
,1,2,7173.92,6760.88
0,2,1,7196,6744.24
3,3,2,7220.96,6611.28
1,1,4,7237.6,6722
2,2,4,7043.68,6680.56
,2,3,7154.4,6564.08
2,2,1,7220.96,6713.68
3,4,4,7251.52,6583.44
,2,2,7129.44,6780.24
2,1,1,7270.88,6647.28
,2,1,7162.72,6741.52
3,3,2,7273.6,6602.96
1,1,1,7207.04,6680.56
1,1,1,7118.4,6644.4
,1,1,7082.4,6763.6
2,1,1,7096.32,6647.28
4,4,1,7068.48,6611.28
,1,3,7162.72,6672.24
2,2,2,7143.36,6591.76
1,1,1,7148.96,6641.68
4,4,6,7115.68,6544.72
2,2,2,7124,6641.68
3,4,2,7096.32,6730.32
,1,1,7143.36,6672.24
3,3,2,7099.04,6622.32
2,1,2,7220.96,6716.56
3,2,3,7079.68,6578
2,2,1,7043.68,6650
3,2,3,7198.72,6691.6
5,4,3,7057.44,6600.08
,2,1,7052,6674.96
0,1,2,7196,6727.6
,1,2,7071.36,6727.6
4,6,7,7071.36,6608.4
,3,3,7049.12,6625.04
,2,1,7176.64,6589.04
,2,2,7088,6738.64
2,2,5,7074.08,6542
,2,2,7074.08,6755.28
2,2,3,7226.56,6583.44
0,3,1,7254.24,6611.28
,3,3,7243.2,6746.96
2,2,2,7171.04,6722
2,2,2,7190.56,6694.32
6,5,3,7052,6600.08
1,2,3,7226.56,6766.32
2,1,1,7179.36,6575.12
,2,2,7193.28,6525.36
2,1,1,7140.64,6744.24
5,4,4,7229.28,6616.72
2,3,1,7029.76,6641.68
3,3,2,7085.12,6686
,2,4,7063.04,6744.24
3,2,4,7171.04,6586.32
0,4,7,7248.64,6724.88
1,1,2,7135.04,6686
2,2,1,7207.04,6738.64
1,2,1,7093.44,6663.92
4,3,1,7068.48,6735.92
2,3,2,7243.2,6713.68
,2,2,7160,6619.44
,2,1,7162.72,6697.04
,4,6,7151.68,6724.88
1,2,1,7124,6669.36
3,2,1,7054.72,6683.28
,3,2,7049.12,6680.56
,1,2,7093.44,6730.32
,3,1,7273.6,6597.36
,3,2,7248.64,6561.36
2,3,1,7112.96,6724.88
0,3,3,7237.6,6652.72
1,1,1,7171.04,6522.48
2,3,3,7101.76,6561.36
,3,2,7126.72,6680.56
,1,1,7237.6,6655.6
4,4,3,7284.64,6611.28
4,2,2,7229.28,6602.96
1,1,1,7088,6683.28
2,1,1,7090.72,6705.36
1,2,1,7132.32,6622.32
3,2,1,7290.24,6697.04
4,4,3,7223.68,6530.8
,1,1,7198.72,6672.24
1,1,1,7220.96,6699.92
1,1,3,7256.96,6724.88
0,1,2,7198.72,6666.64
1,2,4,7268,6566.8
,2,4,7052,6655.6
1,2,1,7223.68,6672.24
2,1,1,7112.96,6716.56
,4,3,7273.6,6655.6
1,1,1,7229.28,6755.28
,2,2,7146.08,6771.92
0,1,3,7245.92,6691.6
,2,4,7226.56,6558.48
2,2,1,7099.04,6699.92
2,1,1,7076.8,6724.88
3,4,5,7057.44,6566.8
1,1,2,7196,6724.88
,3,2,7060.16,6661.04
,1,1,7237.6,6705.36
2,3,3,7118.4,6605.68
,2,2,7057.44,6722
,2,3,7135.04,6722
4,2,2,7085.12,6597.36
2,2,4,7151.68,6533.68
2,1,2,7243.2,6691.6
1,1,1,7270.88,6674.96
,2,2,7118.4,6730.32
,1,1,7165.6,6708.24
2,2,1,7157.28,6708.24
,1,1,7171.04,6691.6
0,1,1,7220.96,6769.2
,2,2,7096.32,6710.96
,3,3,7243.2,6630.64
3,2,2,7071.36,6691.6
5,3,1,7115.68,6578
,2,2,7154.4,6702.64
2,2,3,7171.04,6636.08
,2,3,7171.04,6514.16
1,1,1,7193.28,6719.28
0,2,1,7046.4,6705.36
,2,1,7121.28,6691.6
,2,1,7234.88,6597.36
,1,1,7129.44,6539.12
1,1,1,7187.68,6666.64
2,3,5,7093.44,6766.32
1,2,3,7273.6,6636.08
4,3,3,7223.68,6735.92
2,2,1,7074.08,6633.36
2,1,1,7212.64,6633.36
1,1,1,7115.68,6691.6
5,5,5,7226.56,6542
3,4,2,7256.96,6710.96
,2,2,7165.6,6636.08
3,2,2,7204.32,6746.96
,2,2,7196,6769.2
0,3,1,7076.8,6688.72
1,1,1,7207.04,6614
1,1,2,7262.56,6625.04
,3,2,7248.64,6580.72
,2,2,7046.4,6724.88
6,7,4,7107.36,6710.96
3,4,2,7207.04,6741.52
,2,1,7090.72,6769.2
,2,1,7162.72,6566.8
2,2,3,7173.92,6578
,1,1,7262.56,6605.68
3,4,6,7074.08,6544.72
2,1,2,7171.04,6622.32
2,2,3,7223.68,6744.24
3,2,2,7135.04,6647.28
2,2,2,7137.76,6625.04
3,4,2,7052,6602.96
3,3,2,7240.32,6724.88
2,2,2,7110.08,6555.76
3,2,2,7215.36,6564.08
2,2,1,7209.92,6622.32
,4,2,7132.32,6782.96
,1,1,7151.68,6744.24
3,2,2,7182.24,6749.84
,3,1,7137.76,6578
4,4,4,7071.36,6589.04
0,2,1,7270.88,6713.68
3,3,2,7215.36,6697.04
1,1,1,7129.44,6686
4,3,3,7190.56,6517.04
1,2,3,7234.88,6605.68
4,2,1,7121.28,6614
3,2,1,7065.76,6735.92
,2,2,7220.96,6608.4
0,2,1,7204.32,6688.72
1,1,2,7104.64,6611.28
,1,3,7099.04,6566.8
2,3,5,7281.92,6652.72
1,1,1,7068.48,6616.72
2,1,2,7270.88,6658.32
3,2,3,7254.24,6627.76
1,1,1,7254.24,6630.64
2,1,3,7184.96,6641.68
0,1,1,7220.96,6647.28
,2,4,7223.68,6544.72
2,2,2,7110.08,6644.4
0,2,4,7190.56,6677.68
0,2,4,7248.64,6722
2,3,2,7135.04,6672.24
,3,5,7162.72,6572.4
5,4,2,7124,6672.24
,4,4,7193.28,6558.48
,2,4,7268,6716.56
,2,3,7193.28,6636.08
0,2,2,7101.76,6755.28
1,2,2,7262.56,6738.64
2,1,3,7129.44,6586.32
1,1,3,7268,6705.36
,2,2,7085.12,6713.68
,3,2,7265.28,6730.32
,2,1,7029.76,6602.96
0,3,2,7176.64,6647.28
,3,2,7052,6710.96
2,2,1,7160,6597.36
0,2,2,7254.24,6724.88
,2,1,7112.96,6733.2
3,3,2,7082.4,6724.88
3,2,1,7198.72,6611.28
,1,3,7065.76,6699.92
4,4,3,7212.64,6769.2
4,4,4,7101.76,6771.92
,2,1,7146.08,6522.48
3,3,3,7245.92,6755.28
,2,3,7132.32,6633.36
,2,1,7148.96,6528.08
2,2,1,7204.32,6708.24
1,3,3,7154.4,6719.28
,2,2,7229.28,6763.6
1,1,1,7151.68,6680.56
3,2,1,7212.64,6746.96
3,4,5,7135.04,6785.84
1,1,1,7118.4,6688.72
,2,1,7052,6647.28
,2,2,7085.12,6746.96
1,1,1,7162.72,6763.6
,5,3,7112.96,6536.4
,3,3,7220.96,6760.88
0,1,3,7110.08,6553.04
2,3,1,7126.72,6752.56
2,3,3,7262.56,6602.96
3,2,1,7223.68,6616.72
,3,3,7237.6,6741.52
,1,3,7085.12,6741.52
1,1,1,7254.24,6658.32
,4,2,7129.44,6622.32
1,2,3,7232,6702.64
3,2,3,7232,6633.36
1,1,3,7148.96,6666.64
4,4,3,7234.88,6763.6
3,2,1,7071.36,6663.92
1,5,5,7281.92,6705.36
1,1,1,7110.08,6578
4,4,2,7209.92,6578
2,2,3,7204.32,6694.32
5,3,3,7068.48,6713.68
2,2,2,7115.68,6583.44
,2,2,7204.32,6605.68
,1,1,7256.96,6600.08
1,1,1,7196,6616.72
2,1,1,7118.4,6583.44
1,1,2,7148.96,6614
,3,3,7049.12,6600.08
5,3,1,7292.96,6677.68
2,3,2,7126.72,6663.92
,2,1,7196,6697.04
1,5,2,7046.4,6625.04
3,2,1,7207.04,6553.04
2,1,1,7187.68,6566.8
4,2,2,7140.64,6730.32
1,1,1,7201.6,6708.24
0,1,4,7240.32,6758
2,2,1,7160,6530.8
3,3,1,7165.6,6530.8
4,7,3,7223.68,6749.84
3,2,2,7099.04,6686
1,1,1,7171.04,6708.24
,1,2,7126.72,6697.04
0,2,1,7162.72,6669.36
6,6,2,7201.6,6594.64
3,2,2,7063.04,6666.64
1,2,4,7209.92,6752.56
3,2,1,7182.24,6722
2,2,1,7063.04,6650
1,1,1,7157.28,6663.92
1,2,1,7182.24,6666.64
0,3,2,7209.92,6625.04
5,4,1,7287.52,6688.72
,1,1,7135.04,6525.36
,1,1,7165.6,6544.72
,2,1,7220.96,6580.72
0,2,2,7240.32,6688.72
3,4,3,7046.4,6583.44
,2,2,7201.6,6780.24
0,3,4,7162.72,6550.16
4,4,5,7232,6564.08
3,5,2,7068.48,6578
2,2,2,7171.04,6741.52
,1,3,7099.04,6758
1,2,1,7226.56,6652.72
3,2,2,7287.52,6644.4
2,1,2,7076.8,6752.56
,1,4,7074.08,6697.04
1,1,1,7254.24,6633.36
1,1,1,7157.28,6713.68
2,2,2,7110.08,6749.84
0,2,1,7146.08,6741.52
3,2,2,7099.04,6694.32
3,2,3,7292.96,6683.28
,1,1,7157.28,6616.72
2,1,1,7118.4,6602.96
3,4,6,7148.96,6774.64
,1,2,7168.32,6572.4
4,2,2,7118.4,6663.92
2,2,2,7151.68,6647.28
3,3,1,7168.32,6627.76
4,4,2,7154.4,6575.12
1,1,2,7129.44,6633.36
,3,1,7110.08,6522.48
5,3,2,7027.04,6650
,3,1,7068.48,6702.64
2,2,1,7090.72,6663.92
2,3,2,7176.64,6638.96
3,3,2,7107.36,6569.68
3,3,1,7248.64,6608.4
3,3,2,7198.72,6630.64
2,2,2,7107.36,6683.28
0,2,3,7265.28,6705.36
2,2,3,7032.48,6625.04
3,2,1,7151.68,6713.68
4,3,2,7193.28,6672.24
5,5,2,7179.36,6583.44
5,5,5,7107.36,6738.64
1,1,1,7124,6713.68
2,2,2,7057.44,6625.04
2,2,1,7082.4,6688.72
4,4,2,7251.52,6602.96
0,2,3,7054.72,6705.36
1,4,5,7254.24,6594.64
3,3,2,7140.64,6561.36
1,2,1,7198.72,6677.68
0,2,1,7115.68,6755.28
,2,2,7110.08,6733.2
2,3,3,7232,6727.6
1,1,1,7223.68,6647.28
1,1,1,7093.44,6641.68
4,4,3,7265.28,6699.92
3,3,1,7215.36,6647.28
3,4,5,7052,6583.44
6,5,3,7248.64,6755.28
,1,1,7104.64,6758
,2,2,7220.96,6683.28
,3,2,7162.72,6780.24
,3,5,7240.32,6572.4
,2,1,7129.44,6722
3,3,3,7232,6680.56
,3,3,7270.88,6614
1,1,1,7173.92,6699.92
2,2,2,7085.12,6594.64
3,2,2,7126.72,6630.64
2,2,3,7207.04,6746.96
0,2,2,7032.48,6622.32
0,1,2,7096.32,6702.64
1,2,3,7243.2,6558.48
,3,2,7215.36,6550.16
,1,2,7115.68,6647.28
2,2,1,7160,6542
,3,3,7085.12,6735.92
1,3,1,7137.76,6722
5,4,3,7146.08,6528.08
2,2,2,7190.56,6780.24
2,1,1,7052,6666.64
5,4,2,7218.24,6663.92
2,3,4,7268,6724.88
,2,1,7173.92,6602.96
3,4,4,7074.08,6561.36
,2,3,7090.72,6760.88
1,1,1,7173.92,6644.4
1,1,4,7090.72,6550.16
,1,3,7240.32,6719.28
1,1,1,7251.52,6644.4
,1,1,7054.72,6627.76
,3,2,7243.2,6614
5,4,1,7143.36,6702.64
,1,1,7129.44,6749.84
6,6,2,7232,6569.68
3,3,2,7132.32,6611.28
,3,2,7101.76,6586.32
4,5,1,7079.68,6566.8
1,1,1,7032.48,6627.76
,3,2,7198.72,6697.04
1,1,4,7201.6,6666.64
3,2,2,7162.72,6683.28
,2,2,7160,6730.32
,5,4,7184.96,6782.96
1,1,2,7065.76,6674.96
1,1,1,7124,6566.8
,1,1,7137.76,6594.64
,4,3,7265.28,6597.36
4,5,3,7201.6,6661.04
,3,2,7038.08,6713.68
3,2,1,7088,6619.44
1,1,4,7093.44,6536.4
2,2,2,7184.96,6710.96
0,1,2,7146.08,6694.32
3,3,5,7082.4,6730.32
,2,3,7071.36,6724.88
2,2,2,7104.64,6619.44
,1,2,7193.28,6744.24
2,2,1,7057.44,6697.04
,5,3,7168.32,6517.04
,2,2,7146.08,6542
1,1,2,7076.8,6713.68
2,2,2,7137.76,6713.68
2,3,1,7240.32,6686
1,1,3,7143.36,6558.48
1,1,2,7182.24,6602.96
4,3,2,7057.44,6572.4
1,1,3,7201.6,6525.36
3,2,2,7268,6589.04
3,3,2,7112.96,6638.96
,2,2,7088,6763.6
2,1,1,7220.96,6722
3,3,2,7273.6,6580.72
1,4,5,7071.36,6752.56
3,2,2,7226.56,6686
3,3,2,7190.56,6724.88
2,1,2,7052,6586.32
2,1,1,7040.8,6641.68
,4,1,7057.44,6672.24
1,1,1,7237.6,6661.04
1,1,1,7049.12,6633.36
1,1,1,7057.44,6630.64
2,2,3,7176.64,6578
4,2,1,7135.04,6600.08
1,2,2,7207.04,6619.44
2,2,3,7198.72,6683.28
,2,1,7198.72,6555.76
,2,4,7140.64,6724.88
2,3,2,7160,6782.96
0,1,1,7090.72,6708.24
3,2,2,7118.4,6694.32
5,5,3,7279.2,6699.92
2,2,1,7146.08,6672.24
2,1,2,7063.04,6605.68
2,2,2,7076.8,6686
,1,1,7088,6663.92
,2,1,7148.96,6611.28
,1,1,7057.44,6694.32
4,3,2,7079.68,6677.68
,3,1,7229.28,6625.04
2,3,1,7176.64,6691.6
3,3,2,7104.64,6688.72
2,2,1,7165.6,6600.08
,3,4,7162.72,6539.12
3,2,2,7118.4,6555.76
2,2,1,7295.84,6641.68
1,1,3,7290.24,6694.32
,2,1,7035.36,6622.32
,1,1,7193.28,6594.64
0,7,3,7187.68,6691.6
4,3,2,7165.6,6605.68
,1,1,7237.6,6586.32
3,3,2,7107.36,6655.6
4,2,1,7143.36,6619.44
,5,1,7287.52,6697.04
